category,date,value,type
general,2020-01-01,1,boolean
general,2020-04-13,1,boolean
general,2020-05-01,1,boolean
general,2020-05-21,1,boolean
general,2020-06-01,1,boolean
general,2020-07-21,1,boolean
general,2020-08-15,1,boolean
general,2020-11-01,1,boolean
general,2020-11-11,1,boolean
general,2020-12-25,1,boolean
preschool,2020-01-01,1,boolean
preschool,2020-01-02,1,boolean
preschool,2020-01-03,1,boolean
preschool,2020-01-04,1,boolean
preschool,2020-01-05,1,boolean
preschool,2020-02-24,1,boolean
preschool,2020-02-25,1,boolean
preschool,2020-02-26,1,boolean
preschool,2020-02-27,1,boolean
preschool,2020-02-28,1,boolean
preschool,2020-02-29,1,boolean
preschool,2020-04-06,1,boolean
preschool,2020-04-07,1,boolean
preschool,2020-04-08,1,boolean
preschool,2020-04-09,1,boolean
preschool,2020-04-10,1,boolean
preschool,2020-04-11,1,boolean
preschool,2020-04-12,1,boolean
preschool,2020-04-13,1,boolean
preschool,2020-04-14,1,boolean
preschool,2020-04-15,1,boolean
preschool,2020-04-16,1,boolean
preschool,2020-04-17,1,boolean
preschool,2020-04-18,1,boolean
preschool,2020-04-19,1,boolean
preschool,2020-07-01,1,boolean
preschool,2020-07-02,1,boolean
preschool,2020-07-03,1,boolean
preschool,2020-07-04,1,boolean
preschool,2020-07-05,1,boolean
preschool,2020-07-06,1,boolean
preschool,2020-07-07,1,boolean
preschool,2020-07-08,1,boolean
preschool,2020-07-09,1,boolean
preschool,2020-07-10,1,boolean
preschool,2020-07-11,1,boolean
preschool,2020-07-12,1,boolean
preschool,2020-07-13,1,boolean
preschool,2020-07-14,1,boolean
preschool,2020-07-15,1,boolean
preschool,2020-07-16,1,boolean
preschool,2020-07-17,1,boolean
preschool,2020-07-18,1,boolean
preschool,2020-07-19,1,boolean
preschool,2020-07-20,1,boolean
preschool,2020-07-21,1,boolean
preschool,2020-07-22,1,boolean
preschool,2020-07-23,1,boolean
preschool,2020-07-24,1,boolean
preschool,2020-07-25,1,boolean
preschool,2020-07-26,1,boolean
preschool,2020-07-27,1,boolean
preschool,2020-07-28,1,boolean
preschool,2020-07-29,1,boolean
preschool,2020-07-30,1,boolean
preschool,2020-07-31,1,boolean
preschool,2020-08-01,1,boolean
preschool,2020-08-02,1,boolean
preschool,2020-08-03,1,boolean
preschool,2020-08-04,1,boolean
preschool,2020-08-05,1,boolean
preschool,2020-08-06,1,boolean
preschool,2020-08-07,1,boolean
preschool,2020-08-08,1,boolean
preschool,2020-08-09,1,boolean
preschool,2020-08-10,1,boolean
preschool,2020-08-11,1,boolean
preschool,2020-08-12,1,boolean
preschool,2020-08-13,1,boolean
preschool,2020-08-14,1,boolean
preschool,2020-08-15,1,boolean
preschool,2020-08-16,1,boolean
preschool,2020-08-17,1,boolean
preschool,2020-08-18,1,boolean
preschool,2020-08-19,1,boolean
preschool,2020-08-20,1,boolean
preschool,2020-08-21,1,boolean
preschool,2020-08-22,1,boolean
preschool,2020-08-23,1,boolean
preschool,2020-08-24,1,boolean
preschool,2020-08-25,1,boolean
preschool,2020-08-26,1,boolean
preschool,2020-08-27,1,boolean
preschool,2020-08-28,1,boolean
preschool,2020-08-29,1,boolean
preschool,2020-08-30,1,boolean
preschool,2020-08-31,1,boolean
preschool,2020-11-02,1,boolean
preschool,2020-11-03,1,boolean
preschool,2020-11-04,1,boolean
preschool,2020-11-05,1,boolean
preschool,2020-11-06,1,boolean
preschool,2020-11-07,1,boolean
preschool,2020-11-08,1,boolean
preschool,2020-12-21,1,boolean
preschool,2020-12-22,1,boolean
preschool,2020-12-23,1,boolean
preschool,2020-12-24,1,boolean
preschool,2020-12-25,1,boolean
preschool,2020-12-26,1,boolean
preschool,2020-12-27,1,boolean
preschool,2020-12-28,1,boolean
preschool,2020-12-29,1,boolean
preschool,2020-12-30,1,boolean
preschool,2020-12-31,1,boolean
primary_school,2020-01-01,1,boolean
primary_school,2020-01-02,1,boolean
primary_school,2020-01-03,1,boolean
primary_school,2020-01-04,1,boolean
primary_school,2020-01-05,1,boolean
primary_school,2020-02-24,1,boolean
primary_school,2020-02-25,1,boolean
primary_school,2020-02-26,1,boolean
primary_school,2020-02-27,1,boolean
primary_school,2020-02-28,1,boolean
primary_school,2020-02-29,1,boolean
primary_school,2020-04-06,1,boolean
primary_school,2020-04-07,1,boolean
primary_school,2020-04-08,1,boolean
primary_school,2020-04-09,1,boolean
primary_school,2020-04-10,1,boolean
primary_school,2020-04-11,1,boolean
primary_school,2020-04-12,1,boolean
primary_school,2020-04-13,1,boolean
primary_school,2020-04-14,1,boolean
primary_school,2020-04-15,1,boolean
primary_school,2020-04-16,1,boolean
primary_school,2020-04-17,1,boolean
primary_school,2020-04-18,1,boolean
primary_school,2020-04-19,1,boolean
primary_school,2020-07-01,1,boolean
primary_school,2020-07-02,1,boolean
primary_school,2020-07-03,1,boolean
primary_school,2020-07-04,1,boolean
primary_school,2020-07-05,1,boolean
primary_school,2020-07-06,1,boolean
primary_school,2020-07-07,1,boolean
primary_school,2020-07-08,1,boolean
primary_school,2020-07-09,1,boolean
primary_school,2020-07-10,1,boolean
primary_school,2020-07-11,1,boolean
primary_school,2020-07-12,1,boolean
primary_school,2020-07-13,1,boolean
primary_school,2020-07-14,1,boolean
primary_school,2020-07-15,1,boolean
primary_school,2020-07-16,1,boolean
primary_school,2020-07-17,1,boolean
primary_school,2020-07-18,1,boolean
primary_school,2020-07-19,1,boolean
primary_school,2020-07-20,1,boolean
primary_school,2020-07-21,1,boolean
primary_school,2020-07-22,1,boolean
primary_school,2020-07-23,1,boolean
primary_school,2020-07-24,1,boolean
primary_school,2020-07-25,1,boolean
primary_school,2020-07-26,1,boolean
primary_school,2020-07-27,1,boolean
primary_school,2020-07-28,1,boolean
primary_school,2020-07-29,1,boolean
primary_school,2020-07-30,1,boolean
primary_school,2020-07-31,1,boolean
primary_school,2020-08-01,1,boolean
primary_school,2020-08-02,1,boolean
primary_school,2020-08-03,1,boolean
primary_school,2020-08-04,1,boolean
primary_school,2020-08-05,1,boolean
primary_school,2020-08-06,1,boolean
primary_school,2020-08-07,1,boolean
primary_school,2020-08-08,1,boolean
primary_school,2020-08-09,1,boolean
primary_school,2020-08-10,1,boolean
primary_school,2020-08-11,1,boolean
primary_school,2020-08-12,1,boolean
primary_school,2020-08-13,1,boolean
primary_school,2020-08-14,1,boolean
primary_school,2020-08-15,1,boolean
primary_school,2020-08-16,1,boolean
primary_school,2020-08-17,1,boolean
primary_school,2020-08-18,1,boolean
primary_school,2020-08-19,1,boolean
primary_school,2020-08-20,1,boolean
primary_school,2020-08-21,1,boolean
primary_school,2020-08-22,1,boolean
primary_school,2020-08-23,1,boolean
primary_school,2020-08-24,1,boolean
primary_school,2020-08-25,1,boolean
primary_school,2020-08-26,1,boolean
primary_school,2020-08-27,1,boolean
primary_school,2020-08-28,1,boolean
primary_school,2020-08-29,1,boolean
primary_school,2020-08-30,1,boolean
primary_school,2020-08-31,1,boolean
primary_school,2020-11-02,1,boolean
primary_school,2020-11-03,1,boolean
primary_school,2020-11-04,1,boolean
primary_school,2020-11-05,1,boolean
primary_school,2020-11-06,1,boolean
primary_school,2020-11-07,1,boolean
primary_school,2020-11-08,1,boolean
primary_school,2020-12-21,1,boolean
primary_school,2020-12-22,1,boolean
primary_school,2020-12-23,1,boolean
primary_school,2020-12-24,1,boolean
primary_school,2020-12-25,1,boolean
primary_school,2020-12-26,1,boolean
primary_school,2020-12-27,1,boolean
primary_school,2020-12-28,1,boolean
primary_school,2020-12-29,1,boolean
primary_school,2020-12-30,1,boolean
primary_school,2020-12-31,1,boolean
secondary_school,2020-01-01,1,boolean
secondary_school,2020-01-02,1,boolean
secondary_school,2020-01-03,1,boolean
secondary_school,2020-01-04,1,boolean
secondary_school,2020-01-05,1,boolean
secondary_school,2020-02-24,1,boolean
secondary_school,2020-02-25,1,boolean
secondary_school,2020-02-26,1,boolean
secondary_school,2020-02-27,1,boolean
secondary_school,2020-02-28,1,boolean
secondary_school,2020-02-29,1,boolean
secondary_school,2020-04-06,1,boolean
secondary_school,2020-04-07,1,boolean
secondary_school,2020-04-08,1,boolean
secondary_school,2020-04-09,1,boolean
secondary_school,2020-04-10,1,boolean
secondary_school,2020-04-11,1,boolean
secondary_school,2020-04-12,1,boolean
secondary_school,2020-04-13,1,boolean
secondary_school,2020-04-14,1,boolean
secondary_school,2020-04-15,1,boolean
secondary_school,2020-04-16,1,boolean
secondary_school,2020-04-17,1,boolean
secondary_school,2020-04-18,1,boolean
secondary_school,2020-04-19,1,boolean
secondary_school,2020-07-01,1,boolean
secondary_school,2020-07-02,1,boolean
secondary_school,2020-07-03,1,boolean
secondary_school,2020-07-04,1,boolean
secondary_school,2020-07-05,1,boolean
secondary_school,2020-07-06,1,boolean
secondary_school,2020-07-07,1,boolean
secondary_school,2020-07-08,1,boolean
secondary_school,2020-07-09,1,boolean
secondary_school,2020-07-10,1,boolean
secondary_school,2020-07-11,1,boolean
secondary_school,2020-07-12,1,boolean
secondary_school,2020-07-13,1,boolean
secondary_school,2020-07-14,1,boolean
secondary_school,2020-07-15,1,boolean
secondary_school,2020-07-16,1,boolean
secondary_school,2020-07-17,1,boolean
secondary_school,2020-07-18,1,boolean
secondary_school,2020-07-19,1,boolean
secondary_school,2020-07-20,1,boolean
secondary_school,2020-07-21,1,boolean
secondary_school,2020-07-22,1,boolean
secondary_school,2020-07-23,1,boolean
secondary_school,2020-07-24,1,boolean
secondary_school,2020-07-25,1,boolean
secondary_school,2020-07-26,1,boolean
secondary_school,2020-07-27,1,boolean
secondary_school,2020-07-28,1,boolean
secondary_school,2020-07-29,1,boolean
secondary_school,2020-07-30,1,boolean
secondary_school,2020-07-31,1,boolean
secondary_school,2020-08-01,1,boolean
secondary_school,2020-08-02,1,boolean
secondary_school,2020-08-03,1,boolean
secondary_school,2020-08-04,1,boolean
secondary_school,2020-08-05,1,boolean
secondary_school,2020-08-06,1,boolean
secondary_school,2020-08-07,1,boolean
secondary_school,2020-08-08,1,boolean
secondary_school,2020-08-09,1,boolean
secondary_school,2020-08-10,1,boolean
secondary_school,2020-08-11,1,boolean
secondary_school,2020-08-12,1,boolean
secondary_school,2020-08-13,1,boolean
secondary_school,2020-08-14,1,boolean
secondary_school,2020-08-15,1,boolean
secondary_school,2020-08-16,1,boolean
secondary_school,2020-08-17,1,boolean
secondary_school,2020-08-18,1,boolean
secondary_school,2020-08-19,1,boolean
secondary_school,2020-08-20,1,boolean
secondary_school,2020-08-21,1,boolean
secondary_school,2020-08-22,1,boolean
secondary_school,2020-08-23,1,boolean
secondary_school,2020-08-24,1,boolean
secondary_school,2020-08-25,1,boolean
secondary_school,2020-08-26,1,boolean
secondary_school,2020-08-27,1,boolean
secondary_school,2020-08-28,1,boolean
secondary_school,2020-08-29,1,boolean
secondary_school,2020-08-30,1,boolean
secondary_school,2020-08-31,1,boolean
secondary_school,2020-11-02,1,boolean
secondary_school,2020-11-03,1,boolean
secondary_school,2020-11-04,1,boolean
secondary_school,2020-11-05,1,boolean
secondary_school,2020-11-06,1,boolean
secondary_school,2020-11-07,1,boolean
secondary_school,2020-11-08,1,boolean
secondary_school,2020-12-21,1,boolean
secondary_school,2020-12-22,1,boolean
secondary_school,2020-12-23,1,boolean
secondary_school,2020-12-24,1,boolean
secondary_school,2020-12-25,1,boolean
secondary_school,2020-12-26,1,boolean
secondary_school,2020-12-27,1,boolean
secondary_school,2020-12-28,1,boolean
secondary_school,2020-12-29,1,boolean
secondary_school,2020-12-30,1,boolean
secondary_school,2020-12-31,1,boolean
college,2020-01-01,1,boolean
college,2020-01-02,1,boolean
college,2020-01-03,1,boolean
college,2020-01-04,1,boolean
college,2020-01-05,1,boolean
college,2020-02-24,1,boolean
college,2020-02-25,1,boolean
college,2020-02-26,1,boolean
college,2020-02-27,1,boolean
college,2020-02-28,1,boolean
college,2020-02-29,1,boolean
college,2020-04-06,1,boolean
college,2020-04-07,1,boolean
college,2020-04-08,1,boolean
college,2020-04-09,1,boolean
college,2020-04-10,1,boolean
college,2020-04-11,1,boolean
college,2020-04-12,1,boolean
college,2020-04-13,1,boolean
college,2020-04-14,1,boolean
college,2020-04-15,1,boolean
college,2020-04-16,1,boolean
college,2020-04-17,1,boolean
college,2020-04-18,1,boolean
college,2020-04-19,1,boolean
college,2020-07-01,1,boolean
college,2020-07-02,1,boolean
college,2020-07-03,1,boolean
college,2020-07-04,1,boolean
college,2020-07-05,1,boolean
college,2020-07-06,1,boolean
college,2020-07-07,1,boolean
college,2020-07-08,1,boolean
college,2020-07-09,1,boolean
college,2020-07-10,1,boolean
college,2020-07-11,1,boolean
college,2020-07-12,1,boolean
college,2020-07-13,1,boolean
college,2020-07-14,1,boolean
college,2020-07-15,1,boolean
college,2020-07-16,1,boolean
college,2020-07-17,1,boolean
college,2020-07-18,1,boolean
college,2020-07-19,1,boolean
college,2020-07-20,1,boolean
college,2020-07-21,1,boolean
college,2020-07-22,1,boolean
college,2020-07-23,1,boolean
college,2020-07-24,1,boolean
college,2020-07-25,1,boolean
college,2020-07-26,1,boolean
college,2020-07-27,1,boolean
college,2020-07-28,1,boolean
college,2020-07-29,1,boolean
college,2020-07-30,1,boolean
college,2020-07-31,1,boolean
college,2020-08-01,1,boolean
college,2020-08-02,1,boolean
college,2020-08-03,1,boolean
college,2020-08-04,1,boolean
college,2020-08-05,1,boolean
college,2020-08-06,1,boolean
college,2020-08-07,1,boolean
college,2020-08-08,1,boolean
college,2020-08-09,1,boolean
college,2020-08-10,1,boolean
college,2020-08-11,1,boolean
college,2020-08-12,1,boolean
college,2020-08-13,1,boolean
college,2020-08-14,1,boolean
college,2020-08-15,1,boolean
college,2020-08-16,1,boolean
college,2020-08-17,1,boolean
college,2020-08-18,1,boolean
college,2020-08-19,1,boolean
college,2020-08-20,1,boolean
college,2020-08-21,1,boolean
college,2020-08-22,1,boolean
college,2020-08-23,1,boolean
college,2020-08-24,1,boolean
college,2020-08-25,1,boolean
college,2020-08-26,1,boolean
college,2020-08-27,1,boolean
college,2020-08-28,1,boolean
college,2020-08-29,1,boolean
college,2020-08-30,1,boolean
college,2020-08-31,1,boolean
college,2020-09-01,1,boolean
college,2020-09-02,1,boolean
college,2020-09-03,1,boolean
college,2020-09-04,1,boolean
college,2020-09-05,1,boolean
college,2020-09-06,1,boolean
college,2020-09-07,1,boolean
college,2020-09-08,1,boolean
college,2020-09-09,1,boolean
college,2020-09-10,1,boolean
college,2020-09-11,1,boolean
college,2020-09-12,1,boolean
college,2020-09-13,1,boolean
college,2020-09-14,1,boolean
college,2020-09-15,1,boolean
college,2020-09-16,1,boolean
college,2020-09-17,1,boolean
college,2020-09-18,1,boolean
college,2020-09-19,1,boolean
college,2020-09-20,1,boolean
college,2020-12-21,1,boolean
college,2020-12-22,1,boolean
college,2020-12-23,1,boolean
college,2020-12-24,1,boolean
college,2020-12-25,1,boolean
college,2020-12-26,1,boolean
college,2020-12-27,1,boolean
college,2020-12-28,1,boolean
college,2020-12-29,1,boolean
college,2020-12-30,1,boolean
college,2020-12-31,1,boolean
college,2020-03-14,1,boolean
college,2020-03-15,1,boolean
college,2020-03-16,1,boolean
college,2020-03-17,1,boolean
college,2020-03-18,1,boolean
college,2020-03-19,1,boolean
college,2020-03-20,1,boolean
college,2020-03-21,1,boolean
college,2020-03-22,1,boolean
college,2020-03-23,1,boolean
college,2020-03-24,1,boolean
college,2020-03-25,1,boolean
college,2020-03-26,1,boolean
college,2020-03-27,1,boolean
college,2020-03-28,1,boolean
college,2020-03-29,1,boolean
college,2020-03-30,1,boolean
college,2020-03-31,1,boolean
college,2020-04-01,1,boolean
college,2020-04-02,1,boolean
college,2020-04-03,1,boolean
college,2020-04-04,1,boolean
college,2020-04-05,1,boolean
college,2020-04-06,1,boolean
college,2020-04-07,1,boolean
college,2020-04-08,1,boolean
college,2020-04-09,1,boolean
college,2020-04-10,1,boolean
college,2020-04-11,1,boolean
college,2020-04-12,1,boolean
college,2020-04-13,1,boolean
college,2020-04-14,1,boolean
college,2020-04-15,1,boolean
college,2020-04-16,1,boolean
college,2020-04-17,1,boolean
college,2020-04-18,1,boolean
college,2020-04-19,1,boolean
college,2020-04-20,1,boolean
college,2020-04-21,1,boolean
college,2020-04-22,1,boolean
college,2020-04-23,1,boolean
college,2020-04-24,1,boolean
college,2020-04-25,1,boolean
college,2020-04-26,1,boolean
college,2020-04-27,1,boolean
college,2020-04-28,1,boolean
college,2020-04-29,1,boolean
college,2020-04-30,1,boolean
college,2020-05-01,1,boolean
college,2020-05-02,1,boolean
college,2020-05-03,1,boolean
college,2020-05-04,1,boolean
college,2020-05-05,1,boolean
college,2020-05-06,1,boolean
college,2020-05-07,1,boolean
college,2020-05-08,1,boolean
college,2020-05-09,1,boolean
college,2020-05-10,1,boolean
college,2020-05-11,1,boolean
college,2020-05-12,1,boolean
college,2020-05-13,1,boolean
college,2020-05-14,1,boolean
college,2020-05-15,1,boolean
college,2020-05-16,1,boolean
college,2020-05-17,1,boolean
college,2020-05-18,1,boolean
college,2020-05-19,1,boolean
college,2020-05-20,1,boolean
college,2020-05-21,1,boolean
college,2020-05-22,1,boolean
college,2020-05-23,1,boolean
college,2020-05-24,1,boolean
college,2020-05-25,1,boolean
college,2020-05-26,1,boolean
college,2020-05-27,1,boolean
college,2020-05-28,1,boolean
college,2020-05-29,1,boolean
college,2020-05-30,1,boolean
college,2020-05-31,1,boolean
college,2020-06-01,1,boolean
college,2020-06-02,1,boolean
college,2020-06-03,1,boolean
college,2020-06-04,1,boolean
college,2020-06-05,1,boolean
college,2020-06-06,1,boolean
college,2020-06-07,1,boolean
college,2020-06-08,1,boolean
college,2020-06-09,1,boolean
college,2020-06-10,1,boolean
college,2020-06-11,1,boolean
college,2020-06-12,1,boolean
college,2020-06-13,1,boolean
college,2020-06-14,1,boolean
college,2020-06-15,1,boolean
college,2020-06-16,1,boolean
college,2020-06-17,1,boolean
college,2020-06-18,1,boolean
college,2020-06-19,1,boolean
college,2020-06-20,1,boolean
college,2020-06-21,1,boolean
college,2020-06-22,1,boolean
college,2020-06-23,1,boolean
college,2020-06-24,1,boolean
college,2020-06-25,1,boolean
college,2020-06-26,1,boolean
college,2020-06-27,1,boolean
college,2020-06-28,1,boolean
college,2020-06-29,1,boolean
college,2020-06-30,1,boolean
community_distancing,2020-03-14,1,boolean
community_distancing,2020-03-15,1,boolean
community_distancing,2020-03-16,1,boolean
community_distancing,2020-03-17,1,boolean
community_distancing,2020-03-18,1,boolean
community_distancing,2020-03-19,1,boolean
community_distancing,2020-03-20,1,boolean
community_distancing,2020-03-21,1,boolean
community_distancing,2020-03-22,1,boolean
community_distancing,2020-03-23,1,boolean
community_distancing,2020-03-24,1,boolean
community_distancing,2020-03-25,1,boolean
community_distancing,2020-03-26,1,boolean
community_distancing,2020-03-27,1,boolean
community_distancing,2020-03-28,1,boolean
community_distancing,2020-03-29,1,boolean
community_distancing,2020-03-30,1,boolean
community_distancing,2020-03-31,1,boolean
community_distancing,2020-04-01,1,boolean
community_distancing,2020-04-02,1,boolean
community_distancing,2020-04-03,1,boolean
community_distancing,2020-04-04,1,boolean
community_distancing,2020-04-05,1,boolean
community_distancing,2020-04-06,1,boolean
community_distancing,2020-04-07,1,boolean
community_distancing,2020-04-08,1,boolean
community_distancing,2020-04-09,1,boolean
community_distancing,2020-04-10,1,boolean
community_distancing,2020-04-11,1,boolean
community_distancing,2020-04-12,1,boolean
community_distancing,2020-04-13,1,boolean
community_distancing,2020-04-14,1,boolean
community_distancing,2020-04-15,1,boolean
community_distancing,2020-04-16,1,boolean
community_distancing,2020-04-17,1,boolean
community_distancing,2020-04-18,1,boolean
community_distancing,2020-04-19,1,boolean
community_distancing,2020-04-20,1,boolean
community_distancing,2020-04-21,1,boolean
community_distancing,2020-04-22,1,boolean
community_distancing,2020-04-23,1,boolean
community_distancing,2020-04-24,1,boolean
community_distancing,2020-04-25,1,boolean
community_distancing,2020-04-26,1,boolean
community_distancing,2020-04-27,1,boolean
community_distancing,2020-04-28,1,boolean
community_distancing,2020-04-29,1,boolean
community_distancing,2020-04-30,1,boolean
community_distancing,2020-05-01,1,boolean
community_distancing,2020-05-02,1,boolean
community_distancing,2020-05-03,1,boolean
contact_tracing,2020-05-11,1,boolean
contact_tracing,2020-05-12,1,boolean
contact_tracing,2020-05-13,1,boolean
contact_tracing,2020-05-14,1,boolean
contact_tracing,2020-05-15,1,boolean
contact_tracing,2020-05-16,1,boolean
contact_tracing,2020-05-17,1,boolean
contact_tracing,2020-05-18,1,boolean
contact_tracing,2020-05-19,1,boolean
contact_tracing,2020-05-20,1,boolean
contact_tracing,2020-05-21,1,boolean
contact_tracing,2020-05-22,1,boolean
contact_tracing,2020-05-23,1,boolean
contact_tracing,2020-05-24,1,boolean
contact_tracing,2020-05-25,1,boolean
contact_tracing,2020-05-26,1,boolean
contact_tracing,2020-05-27,1,boolean
contact_tracing,2020-05-28,1,boolean
contact_tracing,2020-05-29,1,boolean
contact_tracing,2020-05-30,1,boolean
contact_tracing,2020-05-31,1,boolean
contact_tracing,2020-06-01,1,boolean
contact_tracing,2020-06-02,1,boolean
contact_tracing,2020-06-03,1,boolean
contact_tracing,2020-06-04,1,boolean
contact_tracing,2020-06-05,1,boolean
contact_tracing,2020-06-06,1,boolean
contact_tracing,2020-06-07,1,boolean
contact_tracing,2020-06-08,1,boolean
contact_tracing,2020-06-09,1,boolean
contact_tracing,2020-06-10,1,boolean
contact_tracing,2020-06-11,1,boolean
contact_tracing,2020-06-12,1,boolean
contact_tracing,2020-06-13,1,boolean
contact_tracing,2020-06-14,1,boolean
contact_tracing,2020-06-15,1,boolean
contact_tracing,2020-06-16,1,boolean
contact_tracing,2020-06-17,1,boolean
contact_tracing,2020-06-18,1,boolean
contact_tracing,2020-06-19,1,boolean
contact_tracing,2020-06-20,1,boolean
contact_tracing,2020-06-21,1,boolean
contact_tracing,2020-06-22,1,boolean
contact_tracing,2020-06-23,1,boolean
contact_tracing,2020-06-24,1,boolean
contact_tracing,2020-06-25,1,boolean
contact_tracing,2020-06-26,1,boolean
contact_tracing,2020-06-27,1,boolean
contact_tracing,2020-06-28,1,boolean
contact_tracing,2020-06-29,1,boolean
contact_tracing,2020-06-30,1,boolean
contact_tracing,2020-07-01,1,boolean
contact_tracing,2020-07-02,1,boolean
contact_tracing,2020-07-03,1,boolean
contact_tracing,2020-07-04,1,boolean
contact_tracing,2020-07-05,1,boolean
contact_tracing,2020-07-06,1,boolean
contact_tracing,2020-07-07,1,boolean
contact_tracing,2020-07-08,1,boolean
contact_tracing,2020-07-09,1,boolean
contact_tracing,2020-07-10,1,boolean
contact_tracing,2020-07-11,1,boolean
contact_tracing,2020-07-12,1,boolean
contact_tracing,2020-07-13,1,boolean
contact_tracing,2020-07-14,1,boolean
contact_tracing,2020-07-15,1,boolean
contact_tracing,2020-07-16,1,boolean
contact_tracing,2020-07-17,1,boolean
contact_tracing,2020-07-18,1,boolean
contact_tracing,2020-07-19,1,boolean
contact_tracing,2020-07-20,1,boolean
contact_tracing,2020-07-21,1,boolean
contact_tracing,2020-07-22,1,boolean
contact_tracing,2020-07-23,1,boolean
contact_tracing,2020-07-24,1,boolean
contact_tracing,2020-07-25,1,boolean
contact_tracing,2020-07-26,1,boolean
contact_tracing,2020-07-27,1,boolean
contact_tracing,2020-07-28,1,boolean
contact_tracing,2020-07-29,1,boolean
contact_tracing,2020-07-30,1,boolean
contact_tracing,2020-07-31,1,boolean
contact_tracing,2020-08-01,1,boolean
contact_tracing,2020-08-02,1,boolean
contact_tracing,2020-08-03,1,boolean
contact_tracing,2020-08-04,1,boolean
contact_tracing,2020-08-05,1,boolean
contact_tracing,2020-08-06,1,boolean
contact_tracing,2020-08-07,1,boolean
contact_tracing,2020-08-08,1,boolean
contact_tracing,2020-08-09,1,boolean
contact_tracing,2020-08-10,1,boolean
contact_tracing,2020-08-11,1,boolean
contact_tracing,2020-08-12,1,boolean
contact_tracing,2020-08-13,1,boolean
contact_tracing,2020-08-14,1,boolean
contact_tracing,2020-08-15,1,boolean
contact_tracing,2020-08-16,1,boolean
contact_tracing,2020-08-17,1,boolean
contact_tracing,2020-08-18,1,boolean
contact_tracing,2020-08-19,1,boolean
contact_tracing,2020-08-20,1,boolean
contact_tracing,2020-08-21,1,boolean
contact_tracing,2020-08-22,1,boolean
contact_tracing,2020-08-23,1,boolean
contact_tracing,2020-08-24,1,boolean
contact_tracing,2020-08-25,1,boolean
contact_tracing,2020-08-26,1,boolean
contact_tracing,2020-08-27,1,boolean
contact_tracing,2020-08-28,1,boolean
contact_tracing,2020-08-29,1,boolean
contact_tracing,2020-08-30,1,boolean
contact_tracing,2020-08-31,1,boolean
household_clustering,2020-05-10,1,boolean
household_clustering,2020-05-11,1,boolean
household_clustering,2020-05-12,1,boolean
household_clustering,2020-05-13,1,boolean
household_clustering,2020-05-14,1,boolean
household_clustering,2020-05-15,1,boolean
household_clustering,2020-05-16,1,boolean
household_clustering,2020-05-17,1,boolean
household_clustering,2020-05-18,1,boolean
household_clustering,2020-05-19,1,boolean
household_clustering,2020-05-20,1,boolean
household_clustering,2020-05-21,1,boolean
household_clustering,2020-05-22,1,boolean
household_clustering,2020-05-23,1,boolean
household_clustering,2020-05-24,1,boolean
household_clustering,2020-05-25,1,boolean
household_clustering,2020-05-26,1,boolean
household_clustering,2020-05-27,1,boolean
household_clustering,2020-05-28,1,boolean
household_clustering,2020-05-29,1,boolean
household_clustering,2020-05-30,1,boolean
household_clustering,2020-05-31,1,boolean
household_clustering,2020-06-01,1,boolean
household_clustering,2020-06-02,1,boolean
household_clustering,2020-06-03,1,boolean
household_clustering,2020-06-04,1,boolean
household_clustering,2020-06-05,1,boolean
household_clustering,2020-06-06,1,boolean
household_clustering,2020-06-07,1,boolean
household_clustering,2020-06-08,1,boolean
household_clustering,2020-06-09,1,boolean
household_clustering,2020-06-10,1,boolean
household_clustering,2020-06-11,1,boolean
household_clustering,2020-06-12,1,boolean
household_clustering,2020-06-13,1,boolean
household_clustering,2020-06-14,1,boolean
household_clustering,2020-06-15,1,boolean
household_clustering,2020-06-16,1,boolean
household_clustering,2020-06-17,1,boolean
household_clustering,2020-06-18,1,boolean
household_clustering,2020-06-19,1,boolean
household_clustering,2020-06-20,1,boolean
household_clustering,2020-06-21,1,boolean
household_clustering,2020-06-22,1,boolean
household_clustering,2020-06-23,1,boolean
household_clustering,2020-06-24,1,boolean
household_clustering,2020-06-25,1,boolean
household_clustering,2020-06-26,1,boolean
household_clustering,2020-06-27,1,boolean
household_clustering,2020-06-28,1,boolean
household_clustering,2020-06-29,1,boolean
household_clustering,2020-06-30,1,boolean
household_clustering,2020-07-01,1,boolean
household_clustering,2020-07-02,1,boolean
household_clustering,2020-07-03,1,boolean
household_clustering,2020-07-04,1,boolean
household_clustering,2020-07-05,1,boolean
household_clustering,2020-07-06,1,boolean
household_clustering,2020-07-07,1,boolean
household_clustering,2020-07-08,1,boolean
household_clustering,2020-07-09,1,boolean
household_clustering,2020-07-10,1,boolean
household_clustering,2020-07-11,1,boolean
household_clustering,2020-07-12,1,boolean
household_clustering,2020-07-13,1,boolean
household_clustering,2020-07-14,1,boolean
household_clustering,2020-07-15,1,boolean
household_clustering,2020-07-16,1,boolean
household_clustering,2020-07-17,1,boolean
household_clustering,2020-07-18,1,boolean
household_clustering,2020-07-19,1,boolean
household_clustering,2020-07-20,1,boolean
household_clustering,2020-07-21,1,boolean
household_clustering,2020-07-22,1,boolean
household_clustering,2020-07-23,1,boolean
household_clustering,2020-07-24,1,boolean
household_clustering,2020-07-25,1,boolean
household_clustering,2020-07-26,1,boolean
household_clustering,2020-07-27,1,boolean
household_clustering,2020-07-28,1,boolean
household_clustering,2020-07-29,1,boolean
household_clustering,2020-07-30,1,boolean
household_clustering,2020-07-31,1,boolean
household_clustering,2020-08-01,1,boolean
household_clustering,2020-08-02,1,boolean
household_clustering,2020-08-03,1,boolean
household_clustering,2020-08-04,1,boolean
household_clustering,2020-08-05,1,boolean
household_clustering,2020-08-06,1,boolean
household_clustering,2020-08-07,1,boolean
household_clustering,2020-08-08,1,boolean
household_clustering,2020-08-09,1,boolean
household_clustering,2020-08-10,1,boolean
household_clustering,2020-08-11,1,boolean
household_clustering,2020-08-12,1,boolean
household_clustering,2020-08-13,1,boolean
household_clustering,2020-08-14,1,boolean
household_clustering,2020-08-15,1,boolean
household_clustering,2020-08-16,1,boolean
household_clustering,2020-08-17,1,boolean
household_clustering,2020-08-18,1,boolean
household_clustering,2020-08-19,1,boolean
household_clustering,2020-08-20,1,boolean
household_clustering,2020-08-21,1,boolean
household_clustering,2020-08-22,1,boolean
household_clustering,2020-08-23,1,boolean
household_clustering,2020-08-24,1,boolean
household_clustering,2020-08-25,1,boolean
household_clustering,2020-08-26,1,boolean
household_clustering,2020-08-27,1,boolean
household_clustering,2020-08-28,1,boolean
household_clustering,2020-08-29,1,boolean
household_clustering,2020-08-30,1,boolean
household_clustering,2020-08-31,1,boolean
import_cases,2020-07-01,1,boolean
import_cases,2020-07-02,1,boolean
import_cases,2020-07-03,1,boolean
import_cases,2020-07-04,1,boolean
import_cases,2020-07-05,1,boolean
import_cases,2020-07-06,1,boolean
import_cases,2020-07-07,1,boolean
import_cases,2020-07-08,1,boolean
import_cases,2020-07-09,1,boolean
import_cases,2020-07-10,1,boolean
import_cases,2020-07-11,1,boolean
import_cases,2020-07-12,1,boolean
import_cases,2020-07-13,1,boolean
import_cases,2020-07-14,1,boolean
import_cases,2020-07-15,1,boolean
import_cases,2020-07-16,1,boolean
import_cases,2020-07-17,1,boolean
import_cases,2020-07-18,1,boolean
import_cases,2020-07-19,1,boolean
import_cases,2020-07-20,1,boolean
import_cases,2020-07-21,1,boolean
import_cases,2020-07-22,1,boolean
import_cases,2020-07-23,1,boolean
import_cases,2020-07-24,1,boolean
import_cases,2020-07-25,1,boolean
import_cases,2020-07-26,1,boolean
import_cases,2020-07-27,1,boolean
import_cases,2020-07-28,1,boolean
import_cases,2020-07-29,1,boolean
import_cases,2020-07-30,1,boolean
import_cases,2020-07-31,1,boolean
import_cases,2020-08-01,1,boolean
import_cases,2020-08-02,1,boolean
import_cases,2020-08-03,1,boolean
import_cases,2020-08-04,1,boolean
import_cases,2020-08-05,1,boolean
import_cases,2020-08-06,1,boolean
import_cases,2020-08-07,1,boolean
import_cases,2020-08-08,1,boolean
import_cases,2020-08-09,1,boolean
import_cases,2020-08-10,1,boolean
import_cases,2020-08-11,1,boolean
import_cases,2020-08-12,1,boolean
import_cases,2020-08-13,1,boolean
import_cases,2020-08-14,1,boolean
import_cases,2020-08-15,1,boolean
import_cases,2020-08-16,1,boolean
import_cases,2020-08-17,1,boolean
import_cases,2020-08-18,1,boolean
import_cases,2020-08-19,1,boolean
import_cases,2020-08-20,1,boolean
import_cases,2020-08-21,1,boolean
import_cases,2020-08-22,1,boolean
import_cases,2020-08-23,1,boolean
import_cases,2020-08-24,1,boolean
import_cases,2020-08-25,1,boolean
import_cases,2020-08-26,1,boolean
import_cases,2020-08-27,1,boolean
import_cases,2020-08-28,1,boolean
import_cases,2020-08-29,1,boolean
import_cases,2020-08-30,1,boolean
import_cases,2020-08-31,1,boolean
preschool,2020-03-14,1,boolean
preschool,2020-03-15,1,boolean
preschool,2020-03-16,1,boolean
preschool,2020-03-17,1,boolean
preschool,2020-03-18,1,boolean
preschool,2020-03-19,1,boolean
preschool,2020-03-20,1,boolean
preschool,2020-03-21,1,boolean
preschool,2020-03-22,1,boolean
preschool,2020-03-23,1,boolean
preschool,2020-03-24,1,boolean
preschool,2020-03-25,1,boolean
preschool,2020-03-26,1,boolean
preschool,2020-03-27,1,boolean
preschool,2020-03-28,1,boolean
preschool,2020-03-29,1,boolean
preschool,2020-03-30,1,boolean
preschool,2020-03-31,1,boolean
preschool,2020-04-01,1,boolean
preschool,2020-04-02,1,boolean
preschool,2020-04-03,1,boolean
preschool,2020-04-04,1,boolean
preschool,2020-04-05,1,boolean
preschool,2020-04-06,1,boolean
preschool,2020-04-07,1,boolean
preschool,2020-04-08,1,boolean
preschool,2020-04-09,1,boolean
preschool,2020-04-10,1,boolean
preschool,2020-04-11,1,boolean
preschool,2020-04-12,1,boolean
preschool,2020-04-13,1,boolean
preschool,2020-04-14,1,boolean
preschool,2020-04-15,1,boolean
preschool,2020-04-16,1,boolean
preschool,2020-04-17,1,boolean
preschool,2020-04-18,1,boolean
preschool,2020-04-19,1,boolean
preschool,2020-04-20,1,boolean
preschool,2020-04-21,1,boolean
preschool,2020-04-22,1,boolean
preschool,2020-04-23,1,boolean
preschool,2020-04-24,1,boolean
preschool,2020-04-25,1,boolean
preschool,2020-04-26,1,boolean
preschool,2020-04-27,1,boolean
preschool,2020-04-28,1,boolean
preschool,2020-04-29,1,boolean
preschool,2020-04-30,1,boolean
preschool,2020-05-01,1,boolean
preschool,2020-05-02,1,boolean
preschool,2020-05-03,1,boolean
preschool,2020-05-04,1,boolean
preschool,2020-05-05,1,boolean
preschool,2020-05-06,1,boolean
preschool,2020-05-07,1,boolean
preschool,2020-05-08,1,boolean
preschool,2020-05-09,1,boolean
preschool,2020-05-10,1,boolean
preschool,2020-05-11,1,boolean
preschool,2020-05-12,1,boolean
preschool,2020-05-13,1,boolean
preschool,2020-05-14,1,boolean
preschool,2020-05-15,1,boolean
preschool,2020-05-16,1,boolean
preschool,2020-05-17,1,boolean
preschool,2020-05-22,1,boolean
preschool,2020-05-23,1,boolean
preschool,2020-05-24,1,boolean
preschool,2020-05-29,1,boolean
preschool,2020-05-30,1,boolean
preschool,2020-05-31,1,boolean
preschool,2020-06-05,1,boolean
preschool,2020-06-06,1,boolean
preschool,2020-06-07,1,boolean
preschool,2020-06-12,1,boolean
preschool,2020-06-13,1,boolean
preschool,2020-06-14,1,boolean
preschool,2020-06-19,1,boolean
preschool,2020-06-20,1,boolean
preschool,2020-06-21,1,boolean
preschool,2020-06-26,1,boolean
preschool,2020-06-27,1,boolean
preschool,2020-06-28,1,boolean
primary_school,2020-03-14,1,boolean
primary_school,2020-03-15,1,boolean
primary_school,2020-03-16,1,boolean
primary_school,2020-03-17,1,boolean
primary_school,2020-03-18,1,boolean
primary_school,2020-03-19,1,boolean
primary_school,2020-03-20,1,boolean
primary_school,2020-03-21,1,boolean
primary_school,2020-03-22,1,boolean
primary_school,2020-03-23,1,boolean
primary_school,2020-03-24,1,boolean
primary_school,2020-03-25,1,boolean
primary_school,2020-03-26,1,boolean
primary_school,2020-03-27,1,boolean
primary_school,2020-03-28,1,boolean
primary_school,2020-03-29,1,boolean
primary_school,2020-03-30,1,boolean
primary_school,2020-03-31,1,boolean
primary_school,2020-04-01,1,boolean
primary_school,2020-04-02,1,boolean
primary_school,2020-04-03,1,boolean
primary_school,2020-04-04,1,boolean
primary_school,2020-04-05,1,boolean
primary_school,2020-04-06,1,boolean
primary_school,2020-04-07,1,boolean
primary_school,2020-04-08,1,boolean
primary_school,2020-04-09,1,boolean
primary_school,2020-04-10,1,boolean
primary_school,2020-04-11,1,boolean
primary_school,2020-04-12,1,boolean
primary_school,2020-04-13,1,boolean
primary_school,2020-04-14,1,boolean
primary_school,2020-04-15,1,boolean
primary_school,2020-04-16,1,boolean
primary_school,2020-04-17,1,boolean
primary_school,2020-04-18,1,boolean
primary_school,2020-04-19,1,boolean
primary_school,2020-04-20,1,boolean
primary_school,2020-04-21,1,boolean
primary_school,2020-04-22,1,boolean
primary_school,2020-04-23,1,boolean
primary_school,2020-04-24,1,boolean
primary_school,2020-04-25,1,boolean
primary_school,2020-04-26,1,boolean
primary_school,2020-04-27,1,boolean
primary_school,2020-04-28,1,boolean
primary_school,2020-04-29,1,boolean
primary_school,2020-04-30,1,boolean
primary_school,2020-05-01,1,boolean
primary_school,2020-05-02,1,boolean
primary_school,2020-05-03,1,boolean
primary_school,2020-05-04,1,boolean
primary_school,2020-05-05,1,boolean
primary_school,2020-05-06,1,boolean
primary_school,2020-05-07,1,boolean
primary_school,2020-05-08,1,boolean
primary_school,2020-05-09,1,boolean
primary_school,2020-05-10,1,boolean
primary_school,2020-05-11,1,boolean
primary_school,2020-05-12,1,boolean
primary_school,2020-05-13,1,boolean
primary_school,2020-05-14,1,boolean
primary_school,2020-05-15,1,boolean
primary_school,2020-05-16,1,boolean
primary_school,2020-05-17,1,boolean
primary_school,2020-05-18,1,boolean
primary_school,2020-05-21,1,boolean
primary_school,2020-05-22,1,boolean
primary_school,2020-05-23,1,boolean
primary_school,2020-05-24,1,boolean
primary_school,2020-05-25,1,boolean
primary_school,2020-05-26,1,boolean
primary_school,2020-05-27,1,boolean
primary_school,2020-05-30,1,boolean
primary_school,2020-05-31,1,boolean
primary_school,2020-06-01,1,boolean
primary_school,2020-06-02,1,boolean
primary_school,2020-06-03,1,boolean
primary_school,2020-06-06,1,boolean
primary_school,2020-06-07,1,boolean
primary_school,2020-06-08,1,boolean
primary_school,2020-06-09,1,boolean
primary_school,2020-06-10,1,boolean
primary_school,2020-06-13,1,boolean
primary_school,2020-06-14,1,boolean
primary_school,2020-06-15,1,boolean
primary_school,2020-06-16,1,boolean
primary_school,2020-06-17,1,boolean
primary_school,2020-06-20,1,boolean
primary_school,2020-06-21,1,boolean
primary_school,2020-06-22,1,boolean
primary_school,2020-06-23,1,boolean
primary_school,2020-06-24,1,boolean
primary_school,2020-06-27,1,boolean
primary_school,2020-06-28,1,boolean
primary_school,2020-06-29,1,boolean
primary_school,2020-06-30,1,boolean
secondary_school,2020-03-14,1,boolean
secondary_school,2020-03-15,1,boolean
secondary_school,2020-03-16,1,boolean
secondary_school,2020-03-17,1,boolean
secondary_school,2020-03-18,1,boolean
secondary_school,2020-03-19,1,boolean
secondary_school,2020-03-20,1,boolean
secondary_school,2020-03-21,1,boolean
secondary_school,2020-03-22,1,boolean
secondary_school,2020-03-23,1,boolean
secondary_school,2020-03-24,1,boolean
secondary_school,2020-03-25,1,boolean
secondary_school,2020-03-26,1,boolean
secondary_school,2020-03-27,1,boolean
secondary_school,2020-03-28,1,boolean
secondary_school,2020-03-29,1,boolean
secondary_school,2020-03-30,1,boolean
secondary_school,2020-03-31,1,boolean
secondary_school,2020-04-01,1,boolean
secondary_school,2020-04-02,1,boolean
secondary_school,2020-04-03,1,boolean
secondary_school,2020-04-04,1,boolean
secondary_school,2020-04-05,1,boolean
secondary_school,2020-04-06,1,boolean
secondary_school,2020-04-07,1,boolean
secondary_school,2020-04-08,1,boolean
secondary_school,2020-04-09,1,boolean
secondary_school,2020-04-10,1,boolean
secondary_school,2020-04-11,1,boolean
secondary_school,2020-04-12,1,boolean
secondary_school,2020-04-13,1,boolean
secondary_school,2020-04-14,1,boolean
secondary_school,2020-04-15,1,boolean
secondary_school,2020-04-16,1,boolean
secondary_school,2020-04-17,1,boolean
secondary_school,2020-04-18,1,boolean
secondary_school,2020-04-19,1,boolean
secondary_school,2020-04-20,1,boolean
secondary_school,2020-04-21,1,boolean
secondary_school,2020-04-22,1,boolean
secondary_school,2020-04-23,1,boolean
secondary_school,2020-04-24,1,boolean
secondary_school,2020-04-25,1,boolean
secondary_school,2020-04-26,1,boolean
secondary_school,2020-04-27,1,boolean
secondary_school,2020-04-28,1,boolean
secondary_school,2020-04-29,1,boolean
secondary_school,2020-04-30,1,boolean
secondary_school,2020-05-01,1,boolean
secondary_school,2020-05-02,1,boolean
secondary_school,2020-05-03,1,boolean
secondary_school,2020-05-04,1,boolean
secondary_school,2020-05-05,1,boolean
secondary_school,2020-05-06,1,boolean
secondary_school,2020-05-07,1,boolean
secondary_school,2020-05-08,1,boolean
secondary_school,2020-05-09,1,boolean
secondary_school,2020-05-10,1,boolean
secondary_school,2020-05-11,1,boolean
secondary_school,2020-05-12,1,boolean
secondary_school,2020-05-13,1,boolean
secondary_school,2020-05-14,1,boolean
secondary_school,2020-05-15,1,boolean
secondary_school,2020-05-16,1,boolean
secondary_school,2020-05-17,1,boolean
secondary_school,2020-05-18,1,boolean
secondary_school,2020-05-19,1,boolean
secondary_school,2020-05-21,1,boolean
secondary_school,2020-05-22,1,boolean
secondary_school,2020-05-23,1,boolean
secondary_school,2020-05-24,1,boolean
secondary_school,2020-05-25,1,boolean
secondary_school,2020-05-26,1,boolean
secondary_school,2020-05-28,1,boolean
secondary_school,2020-05-29,1,boolean
secondary_school,2020-05-30,1,boolean
secondary_school,2020-05-31,1,boolean
secondary_school,2020-06-01,1,boolean
secondary_school,2020-06-02,1,boolean
secondary_school,2020-06-04,1,boolean
secondary_school,2020-06-05,1,boolean
secondary_school,2020-06-06,1,boolean
secondary_school,2020-06-07,1,boolean
secondary_school,2020-06-08,1,boolean
secondary_school,2020-06-09,1,boolean
secondary_school,2020-06-11,1,boolean
secondary_school,2020-06-12,1,boolean
secondary_school,2020-06-13,1,boolean
secondary_school,2020-06-14,1,boolean
secondary_school,2020-06-15,1,boolean
secondary_school,2020-06-16,1,boolean
secondary_school,2020-06-18,1,boolean
secondary_school,2020-06-19,1,boolean
secondary_school,2020-06-20,1,boolean
secondary_school,2020-06-21,1,boolean
secondary_school,2020-06-22,1,boolean
secondary_school,2020-06-23,1,boolean
secondary_school,2020-06-25,1,boolean
secondary_school,2020-06-26,1,boolean
secondary_school,2020-06-27,1,boolean
secondary_school,2020-06-28,1,boolean
secondary_school,2020-06-29,1,boolean
universal_testing,2020-05-11,1,boolean
universal_testing,2020-05-12,1,boolean
universal_testing,2020-05-13,1,boolean
universal_testing,2020-05-14,1,boolean
universal_testing,2020-05-15,1,boolean
universal_testing,2020-05-16,1,boolean
universal_testing,2020-05-17,1,boolean
universal_testing,2020-05-18,1,boolean
universal_testing,2020-05-19,1,boolean
universal_testing,2020-05-20,1,boolean
universal_testing,2020-05-21,1,boolean
universal_testing,2020-05-22,1,boolean
universal_testing,2020-05-23,1,boolean
universal_testing,2020-05-24,1,boolean
universal_testing,2020-05-25,1,boolean
universal_testing,2020-05-26,1,boolean
universal_testing,2020-05-27,1,boolean
universal_testing,2020-05-28,1,boolean
universal_testing,2020-05-29,1,boolean
universal_testing,2020-05-30,1,boolean
universal_testing,2020-05-31,1,boolean
universal_testing,2020-06-01,1,boolean
universal_testing,2020-06-02,1,boolean
universal_testing,2020-06-03,1,boolean
universal_testing,2020-06-04,1,boolean
universal_testing,2020-06-05,1,boolean
universal_testing,2020-06-06,1,boolean
universal_testing,2020-06-07,1,boolean
universal_testing,2020-06-08,1,boolean
universal_testing,2020-06-09,1,boolean
universal_testing,2020-06-10,1,boolean
universal_testing,2020-06-11,1,boolean
universal_testing,2020-06-12,1,boolean
universal_testing,2020-06-13,1,boolean
universal_testing,2020-06-14,1,boolean
universal_testing,2020-06-15,1,boolean
universal_testing,2020-06-16,1,boolean
universal_testing,2020-06-17,1,boolean
universal_testing,2020-06-18,1,boolean
universal_testing,2020-06-19,1,boolean
universal_testing,2020-06-20,1,boolean
universal_testing,2020-06-21,1,boolean
universal_testing,2020-06-22,1,boolean
universal_testing,2020-06-23,1,boolean
universal_testing,2020-06-24,1,boolean
universal_testing,2020-06-25,1,boolean
universal_testing,2020-06-26,1,boolean
universal_testing,2020-06-27,1,boolean
universal_testing,2020-06-28,1,boolean
universal_testing,2020-06-29,1,boolean
universal_testing,2020-06-30,1,boolean
universal_testing,2020-07-01,1,boolean
universal_testing,2020-07-02,1,boolean
universal_testing,2020-07-03,1,boolean
universal_testing,2020-07-04,1,boolean
universal_testing,2020-07-05,1,boolean
universal_testing,2020-07-06,1,boolean
universal_testing,2020-07-07,1,boolean
universal_testing,2020-07-08,1,boolean
universal_testing,2020-07-09,1,boolean
universal_testing,2020-07-10,1,boolean
universal_testing,2020-07-11,1,boolean
universal_testing,2020-07-12,1,boolean
universal_testing,2020-07-13,1,boolean
universal_testing,2020-07-14,1,boolean
universal_testing,2020-07-15,1,boolean
universal_testing,2020-07-16,1,boolean
universal_testing,2020-07-17,1,boolean
universal_testing,2020-07-18,1,boolean
universal_testing,2020-07-19,1,boolean
universal_testing,2020-07-20,1,boolean
universal_testing,2020-07-21,1,boolean
universal_testing,2020-07-22,1,boolean
universal_testing,2020-07-23,1,boolean
universal_testing,2020-07-24,1,boolean
universal_testing,2020-07-25,1,boolean
universal_testing,2020-07-26,1,boolean
universal_testing,2020-07-27,1,boolean
universal_testing,2020-07-28,1,boolean
universal_testing,2020-07-29,1,boolean
universal_testing,2020-07-30,1,boolean
universal_testing,2020-07-31,1,boolean
universal_testing,2020-08-01,1,boolean
universal_testing,2020-08-02,1,boolean
universal_testing,2020-08-03,1,boolean
universal_testing,2020-08-04,1,boolean
universal_testing,2020-08-05,1,boolean
universal_testing,2020-08-06,1,boolean
universal_testing,2020-08-07,1,boolean
universal_testing,2020-08-08,1,boolean
universal_testing,2020-08-09,1,boolean
universal_testing,2020-08-10,1,boolean
universal_testing,2020-08-11,1,boolean
universal_testing,2020-08-12,1,boolean
universal_testing,2020-08-13,1,boolean
universal_testing,2020-08-14,1,boolean
universal_testing,2020-08-15,1,boolean
universal_testing,2020-08-16,1,boolean
universal_testing,2020-08-17,1,boolean
universal_testing,2020-08-18,1,boolean
universal_testing,2020-08-19,1,boolean
universal_testing,2020-08-20,1,boolean
universal_testing,2020-08-21,1,boolean
universal_testing,2020-08-22,1,boolean
universal_testing,2020-08-23,1,boolean
universal_testing,2020-08-24,1,boolean
universal_testing,2020-08-25,1,boolean
universal_testing,2020-08-26,1,boolean
universal_testing,2020-08-27,1,boolean
universal_testing,2020-08-28,1,boolean
universal_testing,2020-08-29,1,boolean
universal_testing,2020-08-30,1,boolean
universal_testing,2020-08-31,1,boolean
workplace_distancing,2020-03-14,1,boolean
workplace_distancing,2020-03-15,1,boolean
workplace_distancing,2020-03-16,1,boolean
workplace_distancing,2020-03-17,1,boolean
workplace_distancing,2020-03-18,1,boolean
workplace_distancing,2020-03-19,1,boolean
workplace_distancing,2020-03-20,1,boolean
workplace_distancing,2020-03-21,1,boolean
workplace_distancing,2020-03-22,1,boolean
workplace_distancing,2020-03-23,1,boolean
workplace_distancing,2020-03-24,1,boolean
workplace_distancing,2020-03-25,1,boolean
workplace_distancing,2020-03-26,1,boolean
workplace_distancing,2020-03-27,1,boolean
workplace_distancing,2020-03-28,1,boolean
workplace_distancing,2020-03-29,1,boolean
workplace_distancing,2020-03-30,1,boolean
workplace_distancing,2020-03-31,1,boolean
workplace_distancing,2020-04-01,1,boolean
workplace_distancing,2020-04-02,1,boolean
workplace_distancing,2020-04-03,1,boolean
workplace_distancing,2020-04-04,1,boolean
workplace_distancing,2020-04-05,1,boolean
workplace_distancing,2020-04-06,1,boolean
workplace_distancing,2020-04-07,1,boolean
workplace_distancing,2020-04-08,1,boolean
workplace_distancing,2020-04-09,1,boolean
workplace_distancing,2020-04-10,1,boolean
workplace_distancing,2020-04-11,1,boolean
workplace_distancing,2020-04-12,1,boolean
workplace_distancing,2020-04-13,1,boolean
workplace_distancing,2020-04-14,1,boolean
workplace_distancing,2020-04-15,1,boolean
workplace_distancing,2020-04-16,1,boolean
workplace_distancing,2020-04-17,1,boolean
workplace_distancing,2020-04-18,1,boolean
workplace_distancing,2020-04-19,1,boolean
workplace_distancing,2020-04-20,1,boolean
workplace_distancing,2020-04-21,1,boolean
workplace_distancing,2020-04-22,1,boolean
workplace_distancing,2020-04-23,1,boolean
workplace_distancing,2020-04-24,1,boolean
workplace_distancing,2020-04-25,1,boolean
workplace_distancing,2020-04-26,1,boolean
workplace_distancing,2020-04-27,1,boolean
workplace_distancing,2020-04-28,1,boolean
workplace_distancing,2020-04-29,1,boolean
workplace_distancing,2020-04-30,1,boolean
workplace_distancing,2020-05-01,1,boolean
workplace_distancing,2020-05-02,1,boolean
workplace_distancing,2020-05-03,1,boolean
